SoCCCD,LoaiHuyHieu,NgayDuDieuKien,DotTraoTang,TrangThai,SoQuyetDinh,NgayTrao,GhiChu
054528675154,Huy hiệu 30 năm tuổi Đảng,2025-03-26,Kỷ niệm ngày thành lập Đảng,Đã trao,300001,2026-03-02,Dữ liệu giả lập tự động
075631205038,Huy hiệu 30 năm tuổi Đảng,2024-08-19,Kỷ niệm ngày thành lập Đảng,Đã trao,300002,2026-03-02,Dữ liệu giả lập tự động
093403568207,Huy hiệu 45 năm tuổi Đảng,2022-09-02,Kỷ niệm ngày thành lập Đảng,Đã trao,450001,2026-03-02,Dữ liệu giả lập tự động
017564357010,Huy hiệu 30 năm tuổi Đảng,2026-08-19,Quốc khánh,Đã trao,300003,2026-09-02,Dữ liệu giả lập tự động
016955330727,Huy hiệu 40 năm tuổi Đảng,2021-03-26,Kỷ niệm ngày thành lập Đảng,Đã trao,400001,2026-03-02,Dữ liệu giả lập tự động
072024580438,Huy hiệu 40 năm tuổi Đảng,2021-08-19,Kỷ niệm ngày thành lập Đảng,Đã trao,400002,2026-03-02,Dữ liệu giả lập tự động
043471143380,Huy hiệu 30 năm tuổi Đảng,2025-03-26,Kỷ niệm ngày thành lập Đảng,Đã trao,300004,2026-03-02,Dữ liệu giả lập tự động
065433279810,Huy hiệu 55 năm tuổi Đảng,2023-09-02,Kỷ niệm ngày thành lập Đảng,Đã trao,D000001,2026-03-02,Dữ liệu giả lập tự động
095780018159,Huy hiệu 40 năm tuổi Đảng,2023-08-19,Kỷ niệm ngày thành lập Đảng,Đã trao,400003,2026-03-02,Dữ liệu giả lập tự động
085154309202,Huy hiệu 30 năm tuổi Đảng,2021-02-03,Kỷ niệm ngày thành lập Đảng,Đã trao,300005,2026-03-02,Dữ liệu giả lập tự động
069440780359,Huy hiệu 45 năm tuổi Đảng,2022-09-02,Kỷ niệm ngày thành lập Đảng,Đã trao,450002,2026-03-02,Dữ liệu giả lập tự động
040182825122,Huy hiệu 30 năm tuổi Đảng,2018-02-03,Kỷ niệm ngày thành lập Đảng,Đã trao,300006,2026-03-02,Dữ liệu giả lập tự động
041444555346,Huy hiệu 30 năm tuổi Đảng,2018-08-19,Kỷ niệm ngày thành lập Đảng,Đã trao,300007,2026-03-02,Dữ liệu giả lập tự động
020303959844,Huy hiệu 30 năm tuổi Đảng,2018-08-19,Kỷ niệm ngày thành lập Đảng,Đã trao,300008,2026-03-02,Dữ liệu giả lập tự động
054170584239,Huy hiệu 30 năm tuổi Đảng,2020-08-19,Kỷ niệm ngày thành lập Đảng,Đã trao,300009,2026-03-02,Dữ liệu giả lập tự động
037751863964,Huy hiệu 30 năm tuổi Đảng,2022-02-03,Kỷ niệm ngày thành lập Đảng,Đã trao,300010,2026-03-02,Dữ liệu giả lập tự động
068317781065,Huy hiệu 50 năm tuổi Đảng,2022-09-02,Kỷ niệm ngày thành lập Đảng,Đã trao,000001,2026-03-02,Dữ liệu giả lập tự động
070663004558,Huy hiệu 40 năm tuổi Đảng,2025-03-26,Kỷ niệm ngày thành lập Đảng,Đã trao,400004,2026-03-02,Dữ liệu giả lập tự động
055837907119,Huy hiệu 30 năm tuổi Đảng,2025-03-26,Sinh nhật Bác Hồ,Đã trao,300011,2026-05-19,Dữ liệu giả lập tự động
082175521852,Huy hiệu 30 năm tuổi Đảng,2025-05-19,Kỷ niệm ngày thành lập Đảng,Đã trao,300012,2026-03-02,Dữ liệu giả lập tự động
053083783037,Huy hiệu 45 năm tuổi Đảng,2025-02-03,Kỷ niệm ngày thành lập Đảng,Đã trao,450003,2026-03-02,Dữ liệu giả lập tự động
004181107256,Huy hiệu 30 năm tuổi Đảng,2021-03-26,Kỷ niệm ngày thành lập Đảng,Đã trao,300013,2026-03-02,Dữ liệu giả lập tự động
065488698192,Huy hiệu 30 năm tuổi Đảng,2018-02-03,Kỷ niệm ngày thành lập Đảng,Đã trao,300014,2026-03-02,Dữ liệu giả lập tự động
075068694070,Huy hiệu 30 năm tuổi Đảng,2019-09-02,Kỷ niệm ngày thành lập Đảng,Đã trao,300015,2026-03-02,Dữ liệu giả lập tự động
006228833431,Huy hiệu 30 năm tuổi Đảng,2025-08-19,Quốc khánh,Đã trao,300016,2026-09-02,Dữ liệu giả lập tự động
011719858893,Huy hiệu 45 năm tuổi Đảng,2023-03-26,Kỷ niệm ngày thành lập Đảng,Đã trao,450004,2026-03-02,Dữ liệu giả lập tự động
053850452840,Huy hiệu 45 năm tuổi Đảng,2024-02-03,Kỷ niệm ngày thành lập Đảng,Đã trao,450005,2026-03-02,Dữ liệu giả lập tự động
022143078934,Huy hiệu 40 năm tuổi Đảng,2024-03-26,Kỷ niệm ngày thành lập Đảng,Đã trao,400005,2026-03-02,Dữ liệu giả lập tự động
055086834975,Huy hiệu 40 năm tuổi Đảng,2024-09-02,Kỷ niệm ngày thành lập Đảng,Đã trao,400006,2026-03-02,Dữ liệu giả lập tự động
022421104346,Huy hiệu 30 năm tuổi Đảng,2021-09-02,Kỷ niệm ngày thành lập Đảng,Đã trao,300017,2026-03-02,Dữ liệu giả lập tự động
095314433874,Huy hiệu 50 năm tuổi Đảng,2024-09-02,Kỷ niệm ngày thành lập Đảng,Đã trao,000002,2026-03-02,Dữ liệu giả lập tự động
085008661453,Huy hiệu 45 năm tuổi Đảng,2025-08-19,Kỷ niệm ngày thành lập Đảng,Đã trao,450006,2026-03-02,Dữ liệu giả lập tự động
050714449949,Huy hiệu 50 năm tuổi Đảng,2022-08-19,Kỷ niệm ngày thành lập Đảng,Đã trao,000003,2026-03-02,Dữ liệu giả lập tự động
023944344985,Huy hiệu 30 năm tuổi Đảng,2022-09-02,Kỷ niệm ngày thành lập Đảng,Đã trao,300018,2026-03-02,Dữ liệu giả lập tự động
015670081758,Huy hiệu 45 năm tuổi Đảng,2025-09-02,Kỷ niệm ngày thành lập Đảng,Đã trao,450007,2026-03-02,Dữ liệu giả lập tự động
011642471968,Huy hiệu 45 năm tuổi Đảng,2021-09-02,Kỷ niệm ngày thành lập Đảng,Đã trao,450008,2026-03-02,Dữ liệu giả lập tự động
045071554951,Huy hiệu 40 năm tuổi Đảng,2022-02-03,Kỷ niệm ngày thành lập Đảng,Đã trao,400007,2026-03-02,Dữ liệu giả lập tự động
080580067332,Huy hiệu 55 năm tuổi Đảng,2025-03-26,Kỷ niệm ngày thành lập Đảng,Đã trao,D000002,2026-03-02,Dữ liệu giả lập tự động
090103421021,Huy hiệu 50 năm tuổi Đảng,2022-09-02,Kỷ niệm ngày thành lập Đảng,Đã trao,000004,2026-03-02,Dữ liệu giả lập tự động
091270106397,Huy hiệu 45 năm tuổi Đảng,2025-08-19,Kỷ niệm ngày thành lập Đảng,Đã trao,450009,2026-03-02,Dữ liệu giả lập tự động
030088155309,Huy hiệu 55 năm tuổi Đảng,2023-05-19,Kỷ niệm ngày thành lập Đảng,Đã trao,D000003,2026-03-02,Dữ liệu giả lập tự động
044742984858,Huy hiệu 30 năm tuổi Đảng,2021-09-02,Kỷ niệm ngày thành lập Đảng,Đã trao,300019,2026-03-02,Dữ liệu giả lập tự động
000359441408,Huy hiệu 50 năm tuổi Đảng,2023-05-19,Kỷ niệm ngày thành lập Đảng,Đã trao,000005,2026-03-02,Dữ liệu giả lập tự động
028115223269,Huy hiệu 55 năm tuổi Đảng,2025-09-02,Kỷ niệm ngày thành lập Đảng,Đã trao,D000004,2026-03-02,Dữ liệu giả lập tự động
012383413372,Huy hiệu 50 năm tuổi Đảng,2025-09-02,Kỷ niệm ngày thành lập Đảng,Đã trao,000006,2026-03-02,Dữ liệu giả lập tự động
055065670332,Huy hiệu 40 năm tuổi Đảng,2023-02-03,Kỷ niệm ngày thành lập Đảng,Đã trao,400008,2026-03-02,Dữ liệu giả lập tự động
060575553592,Huy hiệu 50 năm tuổi Đảng,2022-05-19,Kỷ niệm ngày thành lập Đảng,Đã trao,000007,2026-03-02,Dữ liệu giả lập tự động
082901633262,Huy hiệu 30 năm tuổi Đảng,2026-08-19,Quốc khánh,Đã trao,300020,2026-09-02,Dữ liệu giả lập tự động
097148817294,Huy hiệu 45 năm tuổi Đảng,2023-09-02,Kỷ niệm ngày thành lập Đảng,Đã trao,450010,2026-03-02,Dữ liệu giả lập tự động
042555663149,Huy hiệu 50 năm tuổi Đảng,2022-03-26,Kỷ niệm ngày thành lập Đảng,Đã trao,000008,2026-03-02,Dữ liệu giả lập tự động
067936826683,Huy hiệu 30 năm tuổi Đảng,2018-02-03,Kỷ niệm ngày thành lập Đảng,Đã trao,300021,2026-03-02,Dữ liệu giả lập tự động
077842338089,Huy hiệu 45 năm tuổi Đảng,2022-03-26,Kỷ niệm ngày thành lập Đảng,Đã trao,450011,2026-03-02,Dữ liệu giả lập tự động
092533320647,Huy hiệu 30 năm tuổi Đảng,2019-05-19,Kỷ niệm ngày thành lập Đảng,Đã trao,300022,2026-03-02,Dữ liệu giả lập tự động
024629555812,Huy hiệu 50 năm tuổi Đảng,2026-02-03,Kỷ niệm ngày thành lập Đảng,Đã trao,000009,2026-03-02,Dữ liệu giả lập tự động
010329675628,Huy hiệu 30 năm tuổi Đảng,2017-05-19,Kỷ niệm ngày thành lập Đảng,Đã trao,300023,2026-03-02,Dữ liệu giả lập tự động
097325315812,Huy hiệu 30 năm tuổi Đảng,2026-02-03,Kỷ niệm ngày thành lập Đảng,Đã trao,300024,2026-03-02,Dữ liệu giả lập tự động
027888048031,Huy hiệu 45 năm tuổi Đảng,2025-03-26,Kỷ niệm ngày thành lập Đảng,Đã trao,450012,2026-03-02,Dữ liệu giả lập tự động
055060956049,Huy hiệu 50 năm tuổi Đảng,2024-03-26,Kỷ niệm ngày thành lập Đảng,Đã trao,000010,2026-03-02,Dữ liệu giả lập tự động
050214958622,Huy hiệu 30 năm tuổi Đảng,2017-02-03,Kỷ niệm ngày thành lập Đảng,Đã trao,300025,2026-03-02,Dữ liệu giả lập tự động
019313982999,Huy hiệu 60 năm tuổi Đảng,2026-02-03,Kỷ niệm ngày thành lập Đảng,Đã trao,00001,2026-03-02,Dữ liệu giả lập tự động
083136878242,Huy hiệu 30 năm tuổi Đảng,2023-09-02,Kỷ niệm ngày thành lập Đảng,Đã trao,300026,2026-03-02,Dữ liệu giả lập tự động
066226402643,Huy hiệu 30 năm tuổi Đảng,2024-05-19,Kỷ niệm ngày thành lập Đảng,Đã trao,300027,2026-03-02,Dữ liệu giả lập tự động
001614693557,Huy hiệu 60 năm tuổi Đảng,2024-05-19,Kỷ niệm ngày thành lập Đảng,Đã trao,00002,2026-03-02,Dữ liệu giả lập tự động
031442864390,Huy hiệu 50 năm tuổi Đảng,2021-09-02,Kỷ niệm ngày thành lập Đảng,Đã trao,000011,2026-03-02,Dữ liệu giả lập tự động
090570319293,Huy hiệu 55 năm tuổi Đảng,2023-02-03,Kỷ niệm ngày thành lập Đảng,Đã trao,D000005,2026-03-02,Dữ liệu giả lập tự động
077538696382,Huy hiệu 50 năm tuổi Đảng,2024-02-03,Kỷ niệm ngày thành lập Đảng,Đã trao,000012,2026-03-02,Dữ liệu giả lập tự động
040283553471,Huy hiệu 30 năm tuổi Đảng,2022-05-19,Kỷ niệm ngày thành lập Đảng,Đã trao,300028,2026-03-02,Dữ liệu giả lập tự động
022230599405,Huy hiệu 30 năm tuổi Đảng,2020-03-26,Kỷ niệm ngày thành lập Đảng,Đã trao,300029,2026-03-02,Dữ liệu giả lập tự động
040121533164,Huy hiệu 80 năm tuổi Đảng,2024-05-19,Kỷ niệm ngày thành lập Đảng,Đã trao,001,2026-03-02,Dữ liệu giả lập tự động
089530063549,Huy hiệu 55 năm tuổi Đảng,2023-02-03,Kỷ niệm ngày thành lập Đảng,Đã trao,D000006,2026-03-02,Dữ liệu giả lập tự động
081272864282,Huy hiệu 60 năm tuổi Đảng,2026-02-03,Kỷ niệm ngày thành lập Đảng,Đã trao,00003,2026-03-02,Dữ liệu giả lập tự động
097882020882,Huy hiệu 30 năm tuổi Đảng,2026-05-19,Sinh nhật Bác Hồ,Đã trao,300030,2026-05-19,Dữ liệu giả lập tự động
022402329996,Huy hiệu 30 năm tuổi Đảng,2021-03-26,Kỷ niệm ngày thành lập Đảng,Đã trao,300031,2026-03-02,Dữ liệu giả lập tự động
070656392561,Huy hiệu 30 năm tuổi Đảng,2025-05-19,Sinh nhật Bác Hồ,Đã trao,300032,2026-05-19,Dữ liệu giả lập tự động
064265128751,Huy hiệu 55 năm tuổi Đảng,2025-05-19,Kỷ niệm ngày thành lập Đảng,Đã trao,D000007,2026-03-02,Dữ liệu giả lập tự động
009869521364,Huy hiệu 30 năm tuổi Đảng,2026-08-19,Quốc khánh,Đã trao,300033,2026-09-02,Dữ liệu giả lập tự động
024402605598,Huy hiệu 50 năm tuổi Đảng,2023-08-19,Kỷ niệm ngày thành lập Đảng,Đã trao,000013,2026-03-02,Dữ liệu giả lập tự động
068742060989,Huy hiệu 50 năm tuổi Đảng,2023-09-02,Kỷ niệm ngày thành lập Đảng,Đã trao,000014,2026-03-02,Dữ liệu giả lập tự động
005883341580,Huy hiệu 30 năm tuổi Đảng,2017-03-26,Kỷ niệm ngày thành lập Đảng,Đã trao,300034,2026-03-02,Dữ liệu giả lập tự động
014302197568,Huy hiệu 40 năm tuổi Đảng,2023-05-19,Kỷ niệm ngày thành lập Đảng,Đã trao,400009,2026-03-02,Dữ liệu giả lập tự động
017287923840,Huy hiệu 30 năm tuổi Đảng,2026-08-19,Quốc khánh,Đã trao,300035,2026-09-02,Dữ liệu giả lập tự động
058154179628,Huy hiệu 45 năm tuổi Đảng,2023-09-02,Kỷ niệm ngày thành lập Đảng,Đã trao,450013,2026-03-02,Dữ liệu giả lập tự động
067874149753,Huy hiệu 45 năm tuổi Đảng,2021-03-26,Kỷ niệm ngày thành lập Đảng,Đã trao,450014,2026-03-02,Dữ liệu giả lập tự động
042263872480,Huy hiệu 45 năm tuổi Đảng,2022-08-19,Kỷ niệm ngày thành lập Đảng,Đã trao,450015,2026-03-02,Dữ liệu giả lập tự động
023121106576,Huy hiệu 30 năm tuổi Đảng,2026-02-03,Kỷ niệm ngày thành lập Đảng,Đã trao,300036,2026-03-02,Dữ liệu giả lập tự động
046043479296,Huy hiệu 45 năm tuổi Đảng,2024-08-19,Kỷ niệm ngày thành lập Đảng,Đã trao,450016,2026-03-02,Dữ liệu giả lập tự động
033765858358,Huy hiệu 30 năm tuổi Đảng,2023-03-26,Kỷ niệm ngày thành lập Đảng,Đã trao,300037,2026-03-02,Dữ liệu giả lập tự động
055841512516,Huy hiệu 30 năm tuổi Đảng,2017-02-03,Kỷ niệm ngày thành lập Đảng,Đã trao,300038,2026-03-02,Dữ liệu giả lập tự động
076278217644,Huy hiệu 50 năm tuổi Đảng,2023-09-02,Kỷ niệm ngày thành lập Đảng,Đã trao,000015,2026-03-02,Dữ liệu giả lập tự động
002689309875,Huy hiệu 30 năm tuổi Đảng,2022-05-19,Kỷ niệm ngày thành lập Đảng,Đã trao,300039,2026-03-02,Dữ liệu giả lập tự động
027809385230,Huy hiệu 30 năm tuổi Đảng,2026-08-19,Quốc khánh,Đã trao,300040,2026-09-02,Dữ liệu giả lập tự động
039112809644,Huy hiệu 70 năm tuổi Đảng,2022-02-03,Kỷ niệm ngày thành lập Đảng,Đã trao,0001,2026-03-02,Dữ liệu giả lập tự động
082503131706,Huy hiệu 30 năm tuổi Đảng,2026-05-19,Sinh nhật Bác Hồ,Đã trao,300041,2026-05-19,Dữ liệu giả lập tự động
016507439687,Huy hiệu 55 năm tuổi Đảng,2025-05-19,Kỷ niệm ngày thành lập Đảng,Đã trao,D000008,2026-03-02,Dữ liệu giả lập tự động
039721638042,Huy hiệu 55 năm tuổi Đảng,2022-05-19,Kỷ niệm ngày thành lập Đảng,Đã trao,D000009,2026-03-02,Dữ liệu giả lập tự động
069464936299,Huy hiệu 75 năm tuổi Đảng,2026-02-03,Kỷ niệm ngày thành lập Đảng,Đã trao,B0001,2026-03-02,Dữ liệu giả lập tự động
093278294590,Huy hiệu 30 năm tuổi Đảng,2021-03-26,Kỷ niệm ngày thành lập Đảng,Đã trao,300042,2026-03-02,Dữ liệu giả lập tự động
015056143967,Huy hiệu 30 năm tuổi Đảng,2019-03-26,Kỷ niệm ngày thành lập Đảng,Đã trao,300043,2026-03-02,Dữ liệu giả lập tự động
072879177463,Huy hiệu 50 năm tuổi Đảng,2021-05-19,Kỷ niệm ngày thành lập Đảng,Đã trao,000016,2026-03-02,Dữ liệu giả lập tự động
060760657936,Huy hiệu 45 năm tuổi Đảng,2022-03-26,Kỷ niệm ngày thành lập Đảng,Đã trao,450017,2026-03-02,Dữ liệu giả lập tự động
027807628739,Huy hiệu 45 năm tuổi Đảng,2021-08-19,Kỷ niệm ngày thành lập Đảng,Đã trao,450018,2026-03-02,Dữ liệu giả lập tự động
020654975516,Huy hiệu 80 năm tuổi Đảng,2024-09-02,Kỷ niệm ngày thành lập Đảng,Đã trao,002,2026-03-02,Dữ liệu giả lập tự động
069919207644,Huy hiệu 50 năm tuổi Đảng,2025-02-03,Kỷ niệm ngày thành lập Đảng,Đã trao,000017,2026-03-02,Dữ liệu giả lập tự động
096211770798,Huy hiệu 50 năm tuổi Đảng,2024-03-26,Kỷ niệm ngày thành lập Đảng,Đã trao,000018,2026-03-02,Dữ liệu giả lập tự động
031137094724,Huy hiệu 30 năm tuổi Đảng,2018-03-26,Kỷ niệm ngày thành lập Đảng,Đã trao,300044,2026-03-02,Dữ liệu giả lập tự động
074876775909,Huy hiệu 30 năm tuổi Đảng,2020-02-03,Kỷ niệm ngày thành lập Đảng,Đã trao,300045,2026-03-02,Dữ liệu giả lập tự động
090840329278,Huy hiệu 45 năm tuổi Đảng,2022-05-19,Kỷ niệm ngày thành lập Đảng,Đã trao,450019,2026-03-02,Dữ liệu giả lập tự động
002356612328,Huy hiệu 30 năm tuổi Đảng,2026-02-03,Kỷ niệm ngày thành lập Đảng,Đã trao,300046,2026-03-02,Dữ liệu giả lập tự động
010099655855,Huy hiệu 30 năm tuổi Đảng,2024-02-03,Kỷ niệm ngày thành lập Đảng,Đã trao,300047,2026-03-02,Dữ liệu giả lập tự động
090351879666,Huy hiệu 50 năm tuổi Đảng,2022-09-02,Kỷ niệm ngày thành lập Đảng,Đã trao,000019,2026-03-02,Dữ liệu giả lập tự động
056959545444,Huy hiệu 30 năm tuổi Đảng,2025-03-26,Kỷ niệm ngày thành lập Đảng,Đã trao,300048,2026-03-02,Dữ liệu giả lập tự động
071542438621,Huy hiệu 45 năm tuổi Đảng,2024-03-26,Kỷ niệm ngày thành lập Đảng,Đã trao,450020,2026-03-02,Dữ liệu giả lập tự động
063940909705,Huy hiệu 65 năm tuổi Đảng,2023-09-02,Kỷ niệm ngày thành lập Đảng,Đã trao,C00001,2026-03-02,Dữ liệu giả lập tự động
054073366795,Huy hiệu 30 năm tuổi Đảng,2025-03-26,Sinh nhật Bác Hồ,Đã trao,300049,2026-05-19,Dữ liệu giả lập tự động
075076956132,Huy hiệu 30 năm tuổi Đảng,2021-05-19,Kỷ niệm ngày thành lập Đảng,Đã trao,300050,2026-03-02,Dữ liệu giả lập tự động
053486940074,Huy hiệu 30 năm tuổi Đảng,2017-02-03,Kỷ niệm ngày thành lập Đảng,Đã trao,300051,2026-03-02,Dữ liệu giả lập tự động
039453840547,Huy hiệu 50 năm tuổi Đảng,2025-08-19,Kỷ niệm ngày thành lập Đảng,Đã trao,000020,2026-03-02,Dữ liệu giả lập tự động
063039498898,Huy hiệu 55 năm tuổi Đảng,2024-08-19,Kỷ niệm ngày thành lập Đảng,Đã trao,D000010,2026-03-02,Dữ liệu giả lập tự động
029088401478,Huy hiệu 30 năm tuổi Đảng,2019-05-19,Kỷ niệm ngày thành lập Đảng,Đã trao,300052,2026-03-02,Dữ liệu giả lập tự động
016134596977,Huy hiệu 45 năm tuổi Đảng,2022-05-19,Kỷ niệm ngày thành lập Đảng,Đã trao,450021,2026-03-02,Dữ liệu giả lập tự động
052903568186,Huy hiệu 40 năm tuổi Đảng,2021-03-26,Kỷ niệm ngày thành lập Đảng,Đã trao,400010,2026-03-02,Dữ liệu giả lập tự động
045763092489,Huy hiệu 40 năm tuổi Đảng,2023-08-19,Kỷ niệm ngày thành lập Đảng,Đã trao,400011,2026-03-02,Dữ liệu giả lập tự động
094840524394,Huy hiệu 30 năm tuổi Đảng,2025-03-26,Kỷ niệm ngày thành lập Đảng,Đã trao,300053,2026-03-02,Dữ liệu giả lập tự động
062641469326,Huy hiệu 30 năm tuổi Đảng,2016-08-19,Kỷ niệm ngày thành lập Đảng,Đã trao,300054,2026-03-02,Dữ liệu giả lập tự động
046298337754,Huy hiệu 40 năm tuổi Đảng,2025-03-26,Kỷ niệm ngày thành lập Đảng,Đã trao,400012,2026-03-02,Dữ liệu giả lập tự động
008436572472,Huy hiệu 30 năm tuổi Đảng,2021-08-19,Kỷ niệm ngày thành lập Đảng,Đã trao,300055,2026-03-02,Dữ liệu giả lập tự động
067734974336,Huy hiệu 50 năm tuổi Đảng,2024-05-19,Kỷ niệm ngày thành lập Đảng,Đã trao,000021,2026-03-02,Dữ liệu giả lập tự động
056825375455,Huy hiệu 55 năm tuổi Đảng,2024-09-02,Kỷ niệm ngày thành lập Đảng,Đã trao,D000011,2026-03-02,Dữ liệu giả lập tự động
067762425755,Huy hiệu 55 năm tuổi Đảng,2025-03-26,Kỷ niệm ngày thành lập Đảng,Đã trao,D000012,2026-03-02,Dữ liệu giả lập tự động
021372816051,Huy hiệu 30 năm tuổi Đảng,2018-02-03,Kỷ niệm ngày thành lập Đảng,Đã trao,300056,2026-03-02,Dữ liệu giả lập tự động
007241103143,Huy hiệu 40 năm tuổi Đảng,2025-03-26,Kỷ niệm ngày thành lập Đảng,Đã trao,400013,2026-03-02,Dữ liệu giả lập tự động
023805967943,Huy hiệu 40 năm tuổi Đảng,2026-02-03,Kỷ niệm ngày thành lập Đảng,Đã trao,400014,2026-03-02,Dữ liệu giả lập tự động
063958357805,Huy hiệu 55 năm tuổi Đảng,2026-02-03,Kỷ niệm ngày thành lập Đảng,Đã trao,D000013,2026-03-02,Dữ liệu giả lập tự động
094412324846,Huy hiệu 30 năm tuổi Đảng,2017-09-02,Kỷ niệm ngày thành lập Đảng,Đã trao,300057,2026-03-02,Dữ liệu giả lập tự động
081242016603,Huy hiệu 60 năm tuổi Đảng,2025-08-19,Kỷ niệm ngày thành lập Đảng,Đã trao,00004,2026-03-02,Dữ liệu giả lập tự động
060952524180,Huy hiệu 40 năm tuổi Đảng,2022-09-02,Kỷ niệm ngày thành lập Đảng,Đã trao,400015,2026-03-02,Dữ liệu giả lập tự động
019715513301,Huy hiệu 30 năm tuổi Đảng,2018-08-19,Kỷ niệm ngày thành lập Đảng,Đã trao,300058,2026-03-02,Dữ liệu giả lập tự động
062450359744,Huy hiệu 40 năm tuổi Đảng,2023-05-19,Kỷ niệm ngày thành lập Đảng,Đã trao,400016,2026-03-02,Dữ liệu giả lập tự động
014272665552,Huy hiệu 50 năm tuổi Đảng,2023-09-02,Kỷ niệm ngày thành lập Đảng,Đã trao,000022,2026-03-02,Dữ liệu giả lập tự động
025986003262,Huy hiệu 30 năm tuổi Đảng,2024-09-02,Kỷ niệm ngày thành lập Đảng,Đã trao,300059,2026-03-02,Dữ liệu giả lập tự động
076645201619,Huy hiệu 50 năm tuổi Đảng,2021-08-19,Kỷ niệm ngày thành lập Đảng,Đã trao,000023,2026-03-02,Dữ liệu giả lập tự động
028232457001,Huy hiệu 30 năm tuổi Đảng,2023-03-26,Kỷ niệm ngày thành lập Đảng,Đã trao,300060,2026-03-02,Dữ liệu giả lập tự động
003941798952,Huy hiệu 30 năm tuổi Đảng,2021-05-19,Kỷ niệm ngày thành lập Đảng,Đã trao,300061,2026-03-02,Dữ liệu giả lập tự động
026445437410,Huy hiệu 50 năm tuổi Đảng,2022-02-03,Kỷ niệm ngày thành lập Đảng,Đã trao,000024,2026-03-02,Dữ liệu giả lập tự động
068535949957,Huy hiệu 45 năm tuổi Đảng,2021-03-26,Kỷ niệm ngày thành lập Đảng,Đã trao,450022,2026-03-02,Dữ liệu giả lập tự động
065642191561,Huy hiệu 30 năm tuổi Đảng,2020-02-03,Kỷ niệm ngày thành lập Đảng,Đã trao,300062,2026-03-02,Dữ liệu giả lập tự động
074725862776,Huy hiệu 75 năm tuổi Đảng,2021-08-19,Kỷ niệm ngày thành lập Đảng,Đã trao,B0002,2026-03-02,Dữ liệu giả lập tự động
061078692300,Huy hiệu 30 năm tuổi Đảng,2021-02-03,Kỷ niệm ngày thành lập Đảng,Đã trao,300063,2026-03-02,Dữ liệu giả lập tự động
083088783123,Huy hiệu 30 năm tuổi Đảng,2022-08-19,Kỷ niệm ngày thành lập Đảng,Đã trao,300064,2026-03-02,Dữ liệu giả lập tự động
096333776344,Huy hiệu 30 năm tuổi Đảng,2023-05-19,Kỷ niệm ngày thành lập Đảng,Đã trao,300065,2026-03-02,Dữ liệu giả lập tự động
014021284290,Huy hiệu 55 năm tuổi Đảng,2023-05-19,Kỷ niệm ngày thành lập Đảng,Đã trao,D000014,2026-03-02,Dữ liệu giả lập tự động
008068335782,Huy hiệu 40 năm tuổi Đảng,2023-03-26,Kỷ niệm ngày thành lập Đảng,Đã trao,400017,2026-03-02,Dữ liệu giả lập tự động
081247884559,Huy hiệu 40 năm tuổi Đảng,2025-03-26,Kỷ niệm ngày thành lập Đảng,Đã trao,400018,2026-03-02,Dữ liệu giả lập tự động
009986103897,Huy hiệu 55 năm tuổi Đảng,2025-02-03,Kỷ niệm ngày thành lập Đảng,Đã trao,D000015,2026-03-02,Dữ liệu giả lập tự động
020727617076,Huy hiệu 30 năm tuổi Đảng,2023-03-26,Kỷ niệm ngày thành lập Đảng,Đã trao,300066,2026-03-02,Dữ liệu giả lập tự động
000529017386,Huy hiệu 30 năm tuổi Đảng,2022-05-19,Kỷ niệm ngày thành lập Đảng,Đã trao,300067,2026-03-02,Dữ liệu giả lập tự động
056009664158,Huy hiệu 40 năm tuổi Đảng,2023-05-19,Kỷ niệm ngày thành lập Đảng,Đã trao,400019,2026-03-02,Dữ liệu giả lập tự động
084977421852,Huy hiệu 45 năm tuổi Đảng,2022-03-26,Kỷ niệm ngày thành lập Đảng,Đã trao,450023,2026-03-02,Dữ liệu giả lập tự động
059673039517,Huy hiệu 50 năm tuổi Đảng,2024-09-02,Kỷ niệm ngày thành lập Đảng,Đã trao,000025,2026-03-02,Dữ liệu giả lập tự động
096116115171,Huy hiệu 50 năm tuổi Đảng,2022-05-19,Kỷ niệm ngày thành lập Đảng,Đã trao,000026,2026-03-02,Dữ liệu giả lập tự động
066490141475,Huy hiệu 30 năm tuổi Đảng,2016-05-19,Kỷ niệm ngày thành lập Đảng,Đã trao,300068,2026-03-02,Dữ liệu giả lập tự động
013413691548,Huy hiệu 40 năm tuổi Đảng,2026-02-03,Kỷ niệm ngày thành lập Đảng,Đã trao,400020,2026-03-02,Dữ liệu giả lập tự động
080763276332,Huy hiệu 65 năm tuổi Đảng,2024-09-02,Kỷ niệm ngày thành lập Đảng,Đã trao,C00002,2026-03-02,Dữ liệu giả lập tự động
084265432384,Huy hiệu 30 năm tuổi Đảng,2021-03-26,Kỷ niệm ngày thành lập Đảng,Đã trao,300069,2026-03-02,Dữ liệu giả lập tự động
063306227826,Huy hiệu 45 năm tuổi Đảng,2021-08-19,Kỷ niệm ngày thành lập Đảng,Đã trao,450024,2026-03-02,Dữ liệu giả lập tự động
013882349099,Huy hiệu 30 năm tuổi Đảng,2024-02-03,Kỷ niệm ngày thành lập Đảng,Đã trao,300070,2026-03-02,Dữ liệu giả lập tự động
084864270988,Huy hiệu 30 năm tuổi Đảng,2018-03-26,Kỷ niệm ngày thành lập Đảng,Đã trao,300071,2026-03-02,Dữ liệu giả lập tự động
001954939538,Huy hiệu 50 năm tuổi Đảng,2022-02-03,Kỷ niệm ngày thành lập Đảng,Đã trao,000027,2026-03-02,Dữ liệu giả lập tự động
018552604887,Huy hiệu 45 năm tuổi Đảng,2022-08-19,Kỷ niệm ngày thành lập Đảng,Đã trao,450025,2026-03-02,Dữ liệu giả lập tự động
039323212164,Huy hiệu 30 năm tuổi Đảng,2026-03-26,Sinh nhật Bác Hồ,Đã trao,300072,2026-05-19,Dữ liệu giả lập tự động
088789265083,Huy hiệu 55 năm tuổi Đảng,2023-02-03,Kỷ niệm ngày thành lập Đảng,Đã trao,D000016,2026-03-02,Dữ liệu giả lập tự động
001694754045,Huy hiệu 55 năm tuổi Đảng,2023-08-19,Kỷ niệm ngày thành lập Đảng,Đã trao,D000017,2026-03-02,Dữ liệu giả lập tự động
063922167300,Huy hiệu 55 năm tuổi Đảng,2021-09-02,Kỷ niệm ngày thành lập Đảng,Đã trao,D000018,2026-03-02,Dữ liệu giả lập tự động
097940711121,Huy hiệu 45 năm tuổi Đảng,2023-03-26,Kỷ niệm ngày thành lập Đảng,Đã trao,450026,2026-03-02,Dữ liệu giả lập tự động
040628856250,Huy hiệu 30 năm tuổi Đảng,2018-09-02,Kỷ niệm ngày thành lập Đảng,Đã trao,300073,2026-03-02,Dữ liệu giả lập tự động
089791379077,Huy hiệu 40 năm tuổi Đảng,2022-03-26,Kỷ niệm ngày thành lập Đảng,Đã trao,400021,2026-03-02,Dữ liệu giả lập tự động
024447625983,Huy hiệu 30 năm tuổi Đảng,2025-02-03,Kỷ niệm ngày thành lập Đảng,Đã trao,300074,2026-03-02,Dữ liệu giả lập tự động
073534722005,Huy hiệu 50 năm tuổi Đảng,2023-09-02,Kỷ niệm ngày thành lập Đảng,Đã trao,000028,2026-03-02,Dữ liệu giả lập tự động
010329569765,Huy hiệu 40 năm tuổi Đảng,2022-02-03,Kỷ niệm ngày thành lập Đảng,Đã trao,400022,2026-03-02,Dữ liệu giả lập tự động
036673249836,Huy hiệu 40 năm tuổi Đảng,2024-03-26,Kỷ niệm ngày thành lập Đảng,Đã trao,400023,2026-03-02,Dữ liệu giả lập tự động
004477205112,Huy hiệu 30 năm tuổi Đảng,2018-02-03,Kỷ niệm ngày thành lập Đảng,Đã trao,300075,2026-03-02,Dữ liệu giả lập tự động
086750715229,Huy hiệu 40 năm tuổi Đảng,2021-05-19,Kỷ niệm ngày thành lập Đảng,Đã trao,400024,2026-03-02,Dữ liệu giả lập tự động
059999438724,Huy hiệu 30 năm tuổi Đảng,2016-05-19,Kỷ niệm ngày thành lập Đảng,Đã trao,300076,2026-03-02,Dữ liệu giả lập tự động
082980869140,Huy hiệu 40 năm tuổi Đảng,2021-08-19,Kỷ niệm ngày thành lập Đảng,Đã trao,400025,2026-03-02,Dữ liệu giả lập tự động
096392853143,Huy hiệu 45 năm tuổi Đảng,2025-02-03,Kỷ niệm ngày thành lập Đảng,Đã trao,450027,2026-03-02,Dữ liệu giả lập tự động
087888992512,Huy hiệu 30 năm tuổi Đảng,2024-08-19,Kỷ niệm ngày thành lập Đảng,Đã trao,300077,2026-03-02,Dữ liệu giả lập tự động
044539040081,Huy hiệu 30 năm tuổi Đảng,2016-05-19,Kỷ niệm ngày thành lập Đảng,Đã trao,300078,2026-03-02,Dữ liệu giả lập tự động
026311935672,Huy hiệu 40 năm tuổi Đảng,2022-05-19,Kỷ niệm ngày thành lập Đảng,Đã trao,400026,2026-03-02,Dữ liệu giả lập tự động
085487523502,Huy hiệu 40 năm tuổi Đảng,2025-05-19,Kỷ niệm ngày thành lập Đảng,Đã trao,400027,2026-03-02,Dữ liệu giả lập tự động
007772432245,Huy hiệu 30 năm tuổi Đảng,2019-09-02,Kỷ niệm ngày thành lập Đảng,Đã trao,300079,2026-03-02,Dữ liệu giả lập tự động
050446762394,Huy hiệu 30 năm tuổi Đảng,2018-05-19,Kỷ niệm ngày thành lập Đảng,Đã trao,300080,2026-03-02,Dữ liệu giả lập tự động
023562326165,Huy hiệu 45 năm tuổi Đảng,2022-05-19,Kỷ niệm ngày thành lập Đảng,Đã trao,450028,2026-03-02,Dữ liệu giả lập tự động
022550131011,Huy hiệu 30 năm tuổi Đảng,2016-08-19,Kỷ niệm ngày thành lập Đảng,Đã trao,300081,2026-03-02,Dữ liệu giả lập tự động
061215997681,Huy hiệu 30 năm tuổi Đảng,2020-09-02,Kỷ niệm ngày thành lập Đảng,Đã trao,300082,2026-03-02,Dữ liệu giả lập tự động
021944179191,Huy hiệu 30 năm tuổi Đảng,2021-02-03,Kỷ niệm ngày thành lập Đảng,Đã trao,300083,2026-03-02,Dữ liệu giả lập tự động
022614464567,Huy hiệu 50 năm tuổi Đảng,2026-02-03,Kỷ niệm ngày thành lập Đảng,Đã trao,000029,2026-03-02,Dữ liệu giả lập tự động
020238032976,Huy hiệu 45 năm tuổi Đảng,2023-03-26,Kỷ niệm ngày thành lập Đảng,Đã trao,450029,2026-03-02,Dữ liệu giả lập tự động
041434753186,Huy hiệu 30 năm tuổi Đảng,2019-08-19,Kỷ niệm ngày thành lập Đảng,Đã trao,300084,2026-03-02,Dữ liệu giả lập tự động
031931577337,Huy hiệu 50 năm tuổi Đảng,2026-02-03,Kỷ niệm ngày thành lập Đảng,Đã trao,000030,2026-03-02,Dữ liệu giả lập tự động
064791333264,Huy hiệu 50 năm tuổi Đảng,2022-02-03,Kỷ niệm ngày thành lập Đảng,Đã trao,000031,2026-03-02,Dữ liệu giả lập tự động
046241800109,Huy hiệu 45 năm tuổi Đảng,2025-09-02,Kỷ niệm ngày thành lập Đảng,Đã trao,450030,2026-03-02,Dữ liệu giả lập tự động
068768998790,Huy hiệu 45 năm tuổi Đảng,2024-09-02,Kỷ niệm ngày thành lập Đảng,Đã trao,450031,2026-03-02,Dữ liệu giả lập tự động
035196540586,Huy hiệu 55 năm tuổi Đảng,2025-03-26,Kỷ niệm ngày thành lập Đảng,Đã trao,D000019,2026-03-02,Dữ liệu giả lập tự động
035019548340,Huy hiệu 45 năm tuổi Đảng,2025-05-19,Kỷ niệm ngày thành lập Đảng,Đã trao,450032,2026-03-02,Dữ liệu giả lập tự động
057046284718,Huy hiệu 30 năm tuổi Đảng,2024-02-03,Kỷ niệm ngày thành lập Đảng,Đã trao,300085,2026-03-02,Dữ liệu giả lập tự động
069731982577,Huy hiệu 50 năm tuổi Đảng,2025-05-19,Kỷ niệm ngày thành lập Đảng,Đã trao,000032,2026-03-02,Dữ liệu giả lập tự động
010988067111,Huy hiệu 45 năm tuổi Đảng,2021-09-02,Kỷ niệm ngày thành lập Đảng,Đã trao,450033,2026-03-02,Dữ liệu giả lập tự động
047969392758,Huy hiệu 50 năm tuổi Đảng,2023-03-26,Kỷ niệm ngày thành lập Đảng,Đã trao,000033,2026-03-02,Dữ liệu giả lập tự động
024392137875,Huy hiệu 30 năm tuổi Đảng,2021-08-19,Kỷ niệm ngày thành lập Đảng,Đã trao,300086,2026-03-02,Dữ liệu giả lập tự động
071385162815,Huy hiệu 30 năm tuổi Đảng,2021-09-02,Kỷ niệm ngày thành lập Đảng,Đã trao,300087,2026-03-02,Dữ liệu giả lập tự động
039604856847,Huy hiệu 45 năm tuổi Đảng,2025-09-02,Kỷ niệm ngày thành lập Đảng,Đã trao,450034,2026-03-02,Dữ liệu giả lập tự động
017230866335,Huy hiệu 55 năm tuổi Đảng,2022-08-19,Kỷ niệm ngày thành lập Đảng,Đã trao,D000020,2026-03-02,Dữ liệu giả lập tự động
090618431684,Huy hiệu 55 năm tuổi Đảng,2021-08-19,Kỷ niệm ngày thành lập Đảng,Đã trao,D000021,2026-03-02,Dữ liệu giả lập tự động
077076262648,Huy hiệu 50 năm tuổi Đảng,2022-09-02,Kỷ niệm ngày thành lập Đảng,Đã trao,000034,2026-03-02,Dữ liệu giả lập tự động
051289935783,Huy hiệu 65 năm tuổi Đảng,2024-02-03,Kỷ niệm ngày thành lập Đảng,Đã trao,C00003,2026-03-02,Dữ liệu giả lập tự động
073753894535,Huy hiệu 55 năm tuổi Đảng,2024-02-03,Kỷ niệm ngày thành lập Đảng,Đã trao,D000022,2026-03-02,Dữ liệu giả lập tự động
013811111533,Huy hiệu 40 năm tuổi Đảng,2024-05-19,Kỷ niệm ngày thành lập Đảng,Đã trao,400028,2026-03-02,Dữ liệu giả lập tự động
030194018772,Huy hiệu 30 năm tuổi Đảng,2026-09-02,Quốc khánh,Đã trao,300088,2026-09-02,Dữ liệu giả lập tự động
052777531404,Huy hiệu 30 năm tuổi Đảng,2026-09-02,Quốc khánh,Đã trao,300089,2026-09-02,Dữ liệu giả lập tự động
018785732791,Huy hiệu 30 năm tuổi Đảng,2025-05-19,Sinh nhật Bác Hồ,Đã trao,300090,2026-05-19,Dữ liệu giả lập tự động
052851707127,Huy hiệu 45 năm tuổi Đảng,2022-08-19,Kỷ niệm ngày thành lập Đảng,Đã trao,450035,2026-03-02,Dữ liệu giả lập tự động
031618884271,Huy hiệu 50 năm tuổi Đảng,2022-09-02,Kỷ niệm ngày thành lập Đảng,Đã trao,000035,2026-03-02,Dữ liệu giả lập tự động
024054872956,Huy hiệu 55 năm tuổi Đảng,2023-08-19,Kỷ niệm ngày thành lập Đảng,Đã trao,D000023,2026-03-02,Dữ liệu giả lập tự động
025358161822,Huy hiệu 50 năm tuổi Đảng,2022-08-19,Kỷ niệm ngày thành lập Đảng,Đã trao,000036,2026-03-02,Dữ liệu giả lập tự động
064274975803,Huy hiệu 40 năm tuổi Đảng,2024-03-26,Kỷ niệm ngày thành lập Đảng,Đã trao,400029,2026-03-02,Dữ liệu giả lập tự động
014526758397,Huy hiệu 40 năm tuổi Đảng,2023-09-02,Kỷ niệm ngày thành lập Đảng,Đã trao,400030,2026-03-02,Dữ liệu giả lập tự động
084607438798,Huy hiệu 40 năm tuổi Đảng,2022-05-19,Kỷ niệm ngày thành lập Đảng,Đã trao,400031,2026-03-02,Dữ liệu giả lập tự động
001873786717,Huy hiệu 50 năm tuổi Đảng,2021-09-02,Kỷ niệm ngày thành lập Đảng,Đã trao,000037,2026-03-02,Dữ liệu giả lập tự động
065108232048,Huy hiệu 40 năm tuổi Đảng,2022-09-02,Kỷ niệm ngày thành lập Đảng,Đã trao,400032,2026-03-02,Dữ liệu giả lập tự động
044062556227,Huy hiệu 50 năm tuổi Đảng,2025-08-19,Kỷ niệm ngày thành lập Đảng,Đã trao,000038,2026-03-02,Dữ liệu giả lập tự động
053644765984,Huy hiệu 30 năm tuổi Đảng,2025-09-02,Kỷ niệm ngày thành lập Đảng,Đã trao,300091,2026-03-02,Dữ liệu giả lập tự động
096108661384,Huy hiệu 30 năm tuổi Đảng,2019-02-03,Kỷ niệm ngày thành lập Đảng,Đã trao,300092,2026-03-02,Dữ liệu giả lập tự động
051133003224,Huy hiệu 30 năm tuổi Đảng,2023-03-26,Kỷ niệm ngày thành lập Đảng,Đã trao,300093,2026-03-02,Dữ liệu giả lập tự động
082036145334,Huy hiệu 40 năm tuổi Đảng,2025-03-26,Kỷ niệm ngày thành lập Đảng,Đã trao,400033,2026-03-02,Dữ liệu giả lập tự động
088002222002,Huy hiệu 40 năm tuổi Đảng,2024-03-26,Kỷ niệm ngày thành lập Đảng,Đã trao,400034,2026-03-02,Dữ liệu giả lập tự động
073978614173,Huy hiệu 45 năm tuổi Đảng,2024-02-03,Kỷ niệm ngày thành lập Đảng,Đã trao,450036,2026-03-02,Dữ liệu giả lập tự động
058775767895,Huy hiệu 80 năm tuổi Đảng,2024-09-02,Kỷ niệm ngày thành lập Đảng,Đã trao,003,2026-03-02,Dữ liệu giả lập tự động
057891590714,Huy hiệu 40 năm tuổi Đảng,2021-08-19,Kỷ niệm ngày thành lập Đảng,Đã trao,400035,2026-03-02,Dữ liệu giả lập tự động
014222610204,Huy hiệu 55 năm tuổi Đảng,2024-09-02,Kỷ niệm ngày thành lập Đảng,Đã trao,D000024,2026-03-02,Dữ liệu giả lập tự động
086909763858,Huy hiệu 40 năm tuổi Đảng,2025-09-02,Kỷ niệm ngày thành lập Đảng,Đã trao,400036,2026-03-02,Dữ liệu giả lập tự động
010189385813,Huy hiệu 45 năm tuổi Đảng,2023-02-03,Kỷ niệm ngày thành lập Đảng,Đã trao,450037,2026-03-02,Dữ liệu giả lập tự động
075015204405,Huy hiệu 45 năm tuổi Đảng,2021-09-02,Kỷ niệm ngày thành lập Đảng,Đã trao,450038,2026-03-02,Dữ liệu giả lập tự động
007196885206,Huy hiệu 55 năm tuổi Đảng,2025-08-19,Kỷ niệm ngày thành lập Đảng,Đã trao,D000025,2026-03-02,Dữ liệu giả lập tự động
050325144416,Huy hiệu 40 năm tuổi Đảng,2022-08-19,Kỷ niệm ngày thành lập Đảng,Đã trao,400037,2026-03-02,Dữ liệu giả lập tự động
017604504819,Huy hiệu 50 năm tuổi Đảng,2025-08-19,Kỷ niệm ngày thành lập Đảng,Đã trao,000039,2026-03-02,Dữ liệu giả lập tự động
017314940914,Huy hiệu 60 năm tuổi Đảng,2025-05-19,Kỷ niệm ngày thành lập Đảng,Đã trao,00005,2026-03-02,Dữ liệu giả lập tự động
067582677236,Huy hiệu 30 năm tuổi Đảng,2026-02-03,Kỷ niệm ngày thành lập Đảng,Đã trao,300094,2026-03-02,Dữ liệu giả lập tự động
084905252406,Huy hiệu 30 năm tuổi Đảng,2026-09-02,Quốc khánh,Đã trao,300095,2026-09-02,Dữ liệu giả lập tự động
088331406855,Huy hiệu 50 năm tuổi Đảng,2021-03-26,Kỷ niệm ngày thành lập Đảng,Đã trao,000040,2026-03-02,Dữ liệu giả lập tự động
030565057737,Huy hiệu 30 năm tuổi Đảng,2016-08-19,Kỷ niệm ngày thành lập Đảng,Đã trao,300096,2026-03-02,Dữ liệu giả lập tự động
086587906079,Huy hiệu 55 năm tuổi Đảng,2023-09-02,Kỷ niệm ngày thành lập Đảng,Đã trao,D000026,2026-03-02,Dữ liệu giả lập tự động
093274335285,Huy hiệu 40 năm tuổi Đảng,2023-03-26,Kỷ niệm ngày thành lập Đảng,Đã trao,400038,2026-03-02,Dữ liệu giả lập tự động
067697840170,Huy hiệu 40 năm tuổi Đảng,2023-05-19,Kỷ niệm ngày thành lập Đảng,Đã trao,400039,2026-03-02,Dữ liệu giả lập tự động
096681432663,Huy hiệu 30 năm tuổi Đảng,2019-05-19,Kỷ niệm ngày thành lập Đảng,Đã trao,300097,2026-03-02,Dữ liệu giả lập tự động
081249000154,Huy hiệu 30 năm tuổi Đảng,2024-08-19,Kỷ niệm ngày thành lập Đảng,Đã trao,300098,2026-03-02,Dữ liệu giả lập tự động
020594814959,Huy hiệu 55 năm tuổi Đảng,2025-09-02,Kỷ niệm ngày thành lập Đảng,Đã trao,D000027,2026-03-02,Dữ liệu giả lập tự động
073523344014,Huy hiệu 50 năm tuổi Đảng,2023-02-03,Kỷ niệm ngày thành lập Đảng,Đã trao,000041,2026-03-02,Dữ liệu giả lập tự động
004352882709,Huy hiệu 30 năm tuổi Đảng,2024-02-03,Kỷ niệm ngày thành lập Đảng,Đã trao,300099,2026-03-02,Dữ liệu giả lập tự động
029671596826,Huy hiệu 30 năm tuổi Đảng,2016-08-19,Kỷ niệm ngày thành lập Đảng,Đã trao,300100,2026-03-02,Dữ liệu giả lập tự động
006458545194,Huy hiệu 30 năm tuổi Đảng,2026-02-03,Kỷ niệm ngày thành lập Đảng,Đã trao,300101,2026-03-02,Dữ liệu giả lập tự động
009681456130,Huy hiệu 45 năm tuổi Đảng,2021-08-19,Kỷ niệm ngày thành lập Đảng,Đã trao,450039,2026-03-02,Dữ liệu giả lập tự động
040001091999,Huy hiệu 60 năm tuổi Đảng,2025-08-19,Kỷ niệm ngày thành lập Đảng,Đã trao,00006,2026-03-02,Dữ liệu giả lập tự động
092846285658,Huy hiệu 30 năm tuổi Đảng,2025-05-19,Kỷ niệm ngày thành lập Đảng,Đã trao,300102,2026-03-02,Dữ liệu giả lập tự động
087842362217,Huy hiệu 40 năm tuổi Đảng,2024-02-03,Kỷ niệm ngày thành lập Đảng,Đã trao,400040,2026-03-02,Dữ liệu giả lập tự động
050139976619,Huy hiệu 45 năm tuổi Đảng,2021-03-26,Kỷ niệm ngày thành lập Đảng,Đã trao,450040,2026-03-02,Dữ liệu giả lập tự động
019905809483,Huy hiệu 45 năm tuổi Đảng,2023-09-02,Kỷ niệm ngày thành lập Đảng,Đã trao,450041,2026-03-02,Dữ liệu giả lập tự động
030255132400,Huy hiệu 45 năm tuổi Đảng,2023-08-19,Kỷ niệm ngày thành lập Đảng,Đã trao,450042,2026-03-02,Dữ liệu giả lập tự động
048704212994,Huy hiệu 55 năm tuổi Đảng,2022-08-19,Kỷ niệm ngày thành lập Đảng,Đã trao,D000028,2026-03-02,Dữ liệu giả lập tự động
023930923396,Huy hiệu 30 năm tuổi Đảng,2018-09-02,Kỷ niệm ngày thành lập Đảng,Đã trao,300103,2026-03-02,Dữ liệu giả lập tự động
089540287570,Huy hiệu 30 năm tuổi Đảng,2026-09-02,Quốc khánh,Đã trao,300104,2026-09-02,Dữ liệu giả lập tự động
056668031379,Huy hiệu 30 năm tuổi Đảng,2023-05-19,Kỷ niệm ngày thành lập Đảng,Đã trao,300105,2026-03-02,Dữ liệu giả lập tự động
078776754910,Huy hiệu 30 năm tuổi Đảng,2019-08-19,Kỷ niệm ngày thành lập Đảng,Đã trao,300106,2026-03-02,Dữ liệu giả lập tự động
092620962890,Huy hiệu 45 năm tuổi Đảng,2022-09-02,Kỷ niệm ngày thành lập Đảng,Đã trao,450043,2026-03-02,Dữ liệu giả lập tự động
057554565566,Huy hiệu 45 năm tuổi Đảng,2022-08-19,Kỷ niệm ngày thành lập Đảng,Đã trao,450044,2026-03-02,Dữ liệu giả lập tự động
013366966379,Huy hiệu 50 năm tuổi Đảng,2025-02-03,Kỷ niệm ngày thành lập Đảng,Đã trao,000042,2026-03-02,Dữ liệu giả lập tự động
076945506230,Huy hiệu 30 năm tuổi Đảng,2016-08-19,Kỷ niệm ngày thành lập Đảng,Đã trao,300107,2026-03-02,Dữ liệu giả lập tự động
019434876514,Huy hiệu 30 năm tuổi Đảng,2025-02-03,Kỷ niệm ngày thành lập Đảng,Đã trao,300108,2026-03-02,Dữ liệu giả lập tự động
005836990201,Huy hiệu 65 năm tuổi Đảng,2025-02-03,Kỷ niệm ngày thành lập Đảng,Đã trao,C00004,2026-03-02,Dữ liệu giả lập tự động
001593226948,Huy hiệu 30 năm tuổi Đảng,2023-02-03,Kỷ niệm ngày thành lập Đảng,Đã trao,300109,2026-03-02,Dữ liệu giả lập tự động
049697136672,Huy hiệu 30 năm tuổi Đảng,2022-03-26,Kỷ niệm ngày thành lập Đảng,Đã trao,300110,2026-03-02,Dữ liệu giả lập tự động
087286128761,Huy hiệu 45 năm tuổi Đảng,2024-08-19,Kỷ niệm ngày thành lập Đảng,Đã trao,450045,2026-03-02,Dữ liệu giả lập tự động
078249889770,Huy hiệu 55 năm tuổi Đảng,2025-09-02,Kỷ niệm ngày thành lập Đảng,Đã trao,D000029,2026-03-02,Dữ liệu giả lập tự động
053077780231,Huy hiệu 30 năm tuổi Đảng,2018-09-02,Kỷ niệm ngày thành lập Đảng,Đã trao,300111,2026-03-02,Dữ liệu giả lập tự động
011045683758,Huy hiệu 30 năm tuổi Đảng,2024-08-19,Kỷ niệm ngày thành lập Đảng,Đã trao,300112,2026-03-02,Dữ liệu giả lập tự động
086774066513,Huy hiệu 40 năm tuổi Đảng,2022-03-26,Kỷ niệm ngày thành lập Đảng,Đã trao,400041,2026-03-02,Dữ liệu giả lập tự động
044536549357,Huy hiệu 55 năm tuổi Đảng,2021-09-02,Kỷ niệm ngày thành lập Đảng,Đã trao,D000030,2026-03-02,Dữ liệu giả lập tự động
014429465084,Huy hiệu 30 năm tuổi Đảng,2020-08-19,Kỷ niệm ngày thành lập Đảng,Đã trao,300113,2026-03-02,Dữ liệu giả lập tự động
021975324301,Huy hiệu 50 năm tuổi Đảng,2022-09-02,Kỷ niệm ngày thành lập Đảng,Đã trao,000043,2026-03-02,Dữ liệu giả lập tự động
090279296203,Huy hiệu 30 năm tuổi Đảng,2017-08-19,Kỷ niệm ngày thành lập Đảng,Đã trao,300114,2026-03-02,Dữ liệu giả lập tự động
027050814713,Huy hiệu 30 năm tuổi Đảng,2021-02-03,Kỷ niệm ngày thành lập Đảng,Đã trao,300115,2026-03-02,Dữ liệu giả lập tự động
067185226642,Huy hiệu 40 năm tuổi Đảng,2021-03-26,Kỷ niệm ngày thành lập Đảng,Đã trao,400042,2026-03-02,Dữ liệu giả lập tự động
056691179870,Huy hiệu 80 năm tuổi Đảng,2024-08-19,Kỷ niệm ngày thành lập Đảng,Đã trao,004,2026-03-02,Dữ liệu giả lập tự động
092594222342,Huy hiệu 30 năm tuổi Đảng,2024-03-26,Kỷ niệm ngày thành lập Đảng,Đã trao,300116,2026-03-02,Dữ liệu giả lập tự động
089676176361,Huy hiệu 55 năm tuổi Đảng,2023-08-19,Kỷ niệm ngày thành lập Đảng,Đã trao,D000031,2026-03-02,Dữ liệu giả lập tự động
076648711252,Huy hiệu 40 năm tuổi Đảng,2024-08-19,Kỷ niệm ngày thành lập Đảng,Đã trao,400043,2026-03-02,Dữ liệu giả lập tự động
069810501256,Huy hiệu 40 năm tuổi Đảng,2025-09-02,Kỷ niệm ngày thành lập Đảng,Đã trao,400044,2026-03-02,Dữ liệu giả lập tự động
064681463880,Huy hiệu 30 năm tuổi Đảng,2022-02-03,Kỷ niệm ngày thành lập Đảng,Đã trao,300117,2026-03-02,Dữ liệu giả lập tự động
064707160863,Huy hiệu 50 năm tuổi Đảng,2021-05-19,Kỷ niệm ngày thành lập Đảng,Đã trao,000044,2026-03-02,Dữ liệu giả lập tự động
047969677635,Huy hiệu 30 năm tuổi Đảng,2020-09-02,Kỷ niệm ngày thành lập Đảng,Đã trao,300118,2026-03-02,Dữ liệu giả lập tự động
069873791921,Huy hiệu 55 năm tuổi Đảng,2023-02-03,Kỷ niệm ngày thành lập Đảng,Đã trao,D000032,2026-03-02,Dữ liệu giả lập tự động
054493054466,Huy hiệu 50 năm tuổi Đảng,2022-03-26,Kỷ niệm ngày thành lập Đảng,Đã trao,000045,2026-03-02,Dữ liệu giả lập tự động
055874409910,Huy hiệu 30 năm tuổi Đảng,2026-08-19,Quốc khánh,Đã trao,300119,2026-09-02,Dữ liệu giả lập tự động
034300473642,Huy hiệu 30 năm tuổi Đảng,2026-09-02,Quốc khánh,Đã trao,300120,2026-09-02,Dữ liệu giả lập tự động
015120146866,Huy hiệu 30 năm tuổi Đảng,2025-03-26,Kỷ niệm ngày thành lập Đảng,Đã trao,300121,2026-03-02,Dữ liệu giả lập tự động
062050422495,Huy hiệu 45 năm tuổi Đảng,2023-02-03,Kỷ niệm ngày thành lập Đảng,Đã trao,450046,2026-03-02,Dữ liệu giả lập tự động
094646507769,Huy hiệu 40 năm tuổi Đảng,2022-08-19,Kỷ niệm ngày thành lập Đảng,Đã trao,400045,2026-03-02,Dữ liệu giả lập tự động
003900803351,Huy hiệu 45 năm tuổi Đảng,2024-02-03,Kỷ niệm ngày thành lập Đảng,Đã trao,450047,2026-03-02,Dữ liệu giả lập tự động
064052560192,Huy hiệu 30 năm tuổi Đảng,2026-05-19,Sinh nhật Bác Hồ,Đã trao,300122,2026-05-19,Dữ liệu giả lập tự động
070652353728,Huy hiệu 30 năm tuổi Đảng,2026-02-03,Kỷ niệm ngày thành lập Đảng,Đã trao,300123,2026-03-02,Dữ liệu giả lập tự động
018913305092,Huy hiệu 40 năm tuổi Đảng,2024-03-26,Kỷ niệm ngày thành lập Đảng,Đã trao,400046,2026-03-02,Dữ liệu giả lập tự động
010413134283,Huy hiệu 30 năm tuổi Đảng,2022-02-03,Kỷ niệm ngày thành lập Đảng,Đã trao,300124,2026-03-02,Dữ liệu giả lập tự động
033187425302,Huy hiệu 30 năm tuổi Đảng,2026-09-02,Quốc khánh,Đã trao,300125,2026-09-02,Dữ liệu giả lập tự động
093159520009,Huy hiệu 45 năm tuổi Đảng,2025-03-26,Kỷ niệm ngày thành lập Đảng,Đã trao,450048,2026-03-02,Dữ liệu giả lập tự động
036676291592,Huy hiệu 40 năm tuổi Đảng,2025-05-19,Kỷ niệm ngày thành lập Đảng,Đã trao,400047,2026-03-02,Dữ liệu giả lập tự động
022115420390,Huy hiệu 30 năm tuổi Đảng,2023-08-19,Kỷ niệm ngày thành lập Đảng,Đã trao,300126,2026-03-02,Dữ liệu giả lập tự động
002832807392,Huy hiệu 40 năm tuổi Đảng,2024-02-03,Kỷ niệm ngày thành lập Đảng,Đã trao,400048,2026-03-02,Dữ liệu giả lập tự động
089441432417,Huy hiệu 45 năm tuổi Đảng,2022-08-19,Kỷ niệm ngày thành lập Đảng,Đã trao,450049,2026-03-02,Dữ liệu giả lập tự động
082213726914,Huy hiệu 45 năm tuổi Đảng,2023-09-02,Kỷ niệm ngày thành lập Đảng,Đã trao,450050,2026-03-02,Dữ liệu giả lập tự động
015952783866,Huy hiệu 30 năm tuổi Đảng,2025-05-19,Kỷ niệm ngày thành lập Đảng,Đã trao,300127,2026-03-02,Dữ liệu giả lập tự động
018464612156,Huy hiệu 55 năm tuổi Đảng,2024-08-19,Kỷ niệm ngày thành lập Đảng,Đã trao,D000033,2026-03-02,Dữ liệu giả lập tự động
065224948590,Huy hiệu 55 năm tuổi Đảng,2022-03-26,Kỷ niệm ngày thành lập Đảng,Đã trao,D000034,2026-03-02,Dữ liệu giả lập tự động
046897825730,Huy hiệu 30 năm tuổi Đảng,2026-05-19,Sinh nhật Bác Hồ,Đã trao,300128,2026-05-19,Dữ liệu giả lập tự động
012716257255,Huy hiệu 60 năm tuổi Đảng,2022-02-03,Kỷ niệm ngày thành lập Đảng,Đã trao,00007,2026-03-02,Dữ liệu giả lập tự động
052489151788,Huy hiệu 30 năm tuổi Đảng,2016-03-26,Kỷ niệm ngày thành lập Đảng,Đã trao,300129,2026-03-02,Dữ liệu giả lập tự động
007108933348,Huy hiệu 50 năm tuổi Đảng,2024-03-26,Kỷ niệm ngày thành lập Đảng,Đã trao,000046,2026-03-02,Dữ liệu giả lập tự động
045952530735,Huy hiệu 55 năm tuổi Đảng,2021-05-19,Kỷ niệm ngày thành lập Đảng,Đã trao,D000035,2026-03-02,Dữ liệu giả lập tự động
004687719553,Huy hiệu 30 năm tuổi Đảng,2024-08-19,Kỷ niệm ngày thành lập Đảng,Đã trao,300130,2026-03-02,Dữ liệu giả lập tự động
026864559893,Huy hiệu 30 năm tuổi Đảng,2021-05-19,Kỷ niệm ngày thành lập Đảng,Đã trao,300131,2026-03-02,Dữ liệu giả lập tự động
024339793070,Huy hiệu 40 năm tuổi Đảng,2021-09-02,Kỷ niệm ngày thành lập Đảng,Đã trao,400049,2026-03-02,Dữ liệu giả lập tự động
061464372326,Huy hiệu 60 năm tuổi Đảng,2025-02-03,Kỷ niệm ngày thành lập Đảng,Đã trao,00008,2026-03-02,Dữ liệu giả lập tự động
000577084201,Huy hiệu 30 năm tuổi Đảng,2019-05-19,Kỷ niệm ngày thành lập Đảng,Đã trao,300132,2026-03-02,Dữ liệu giả lập tự động
015318630694,Huy hiệu 55 năm tuổi Đảng,2024-03-26,Kỷ niệm ngày thành lập Đảng,Đã trao,D000036,2026-03-02,Dữ liệu giả lập tự động
002482952493,Huy hiệu 30 năm tuổi Đảng,2019-05-19,Kỷ niệm ngày thành lập Đảng,Đã trao,300133,2026-03-02,Dữ liệu giả lập tự động
018998273881,Huy hiệu 45 năm tuổi Đảng,2023-08-19,Kỷ niệm ngày thành lập Đảng,Đã trao,450051,2026-03-02,Dữ liệu giả lập tự động
037562006945,Huy hiệu 55 năm tuổi Đảng,2025-09-02,Kỷ niệm ngày thành lập Đảng,Đã trao,D000037,2026-03-02,Dữ liệu giả lập tự động
046267972945,Huy hiệu 55 năm tuổi Đảng,2025-08-19,Kỷ niệm ngày thành lập Đảng,Đã trao,D000038,2026-03-02,Dữ liệu giả lập tự động
024243888324,Huy hiệu 50 năm tuổi Đảng,2025-05-19,Kỷ niệm ngày thành lập Đảng,Đã trao,000047,2026-03-02,Dữ liệu giả lập tự động
092912296049,Huy hiệu 40 năm tuổi Đảng,2024-05-19,Kỷ niệm ngày thành lập Đảng,Đã trao,400050,2026-03-02,Dữ liệu giả lập tự động
097388597869,Huy hiệu 30 năm tuổi Đảng,2019-09-02,Kỷ niệm ngày thành lập Đảng,Đã trao,300134,2026-03-02,Dữ liệu giả lập tự động
046168106891,Huy hiệu 55 năm tuổi Đảng,2022-03-26,Kỷ niệm ngày thành lập Đảng,Đã trao,D000039,2026-03-02,Dữ liệu giả lập tự động
038152658032,Huy hiệu 55 năm tuổi Đảng,2025-02-03,Kỷ niệm ngày thành lập Đảng,Đã trao,D000040,2026-03-02,Dữ liệu giả lập tự động
095496257047,Huy hiệu 40 năm tuổi Đảng,2023-02-03,Kỷ niệm ngày thành lập Đảng,Đã trao,400051,2026-03-02,Dữ liệu giả lập tự động
038928046639,Huy hiệu 65 năm tuổi Đảng,2022-02-03,Kỷ niệm ngày thành lập Đảng,Đã trao,C00005,2026-03-02,Dữ liệu giả lập tự động
068654007611,Huy hiệu 45 năm tuổi Đảng,2024-05-19,Kỷ niệm ngày thành lập Đảng,Đã trao,450052,2026-03-02,Dữ liệu giả lập tự động
038342529426,Huy hiệu 30 năm tuổi Đảng,2021-02-03,Kỷ niệm ngày thành lập Đảng,Đã trao,300135,2026-03-02,Dữ liệu giả lập tự động
024537944736,Huy hiệu 30 năm tuổi Đảng,2025-03-26,Kỷ niệm ngày thành lập Đảng,Đã trao,300136,2026-03-02,Dữ liệu giả lập tự động
023656511581,Huy hiệu 45 năm tuổi Đảng,2023-02-03,Kỷ niệm ngày thành lập Đảng,Đã trao,450053,2026-03-02,Dữ liệu giả lập tự động
065500586744,Huy hiệu 30 năm tuổi Đảng,2022-03-26,Kỷ niệm ngày thành lập Đảng,Đã trao,300137,2026-03-02,Dữ liệu giả lập tự động
007080549752,Huy hiệu 50 năm tuổi Đảng,2023-08-19,Kỷ niệm ngày thành lập Đảng,Đã trao,000048,2026-03-02,Dữ liệu giả lập tự động
019853597309,Huy hiệu 45 năm tuổi Đảng,2024-08-19,Kỷ niệm ngày thành lập Đảng,Đã trao,450054,2026-03-02,Dữ liệu giả lập tự động
059503395059,Huy hiệu 30 năm tuổi Đảng,2024-02-03,Kỷ niệm ngày thành lập Đảng,Đã trao,300138,2026-03-02,Dữ liệu giả lập tự động
063068179577,Huy hiệu 55 năm tuổi Đảng,2024-03-26,Kỷ niệm ngày thành lập Đảng,Đã trao,D000041,2026-03-02,Dữ liệu giả lập tự động
080833154053,Huy hiệu 40 năm tuổi Đảng,2021-08-19,Kỷ niệm ngày thành lập Đảng,Đã trao,400052,2026-03-02,Dữ liệu giả lập tự động
076282467268,Huy hiệu 45 năm tuổi Đảng,2025-08-19,Kỷ niệm ngày thành lập Đảng,Đã trao,450055,2026-03-02,Dữ liệu giả lập tự động
076594539272,Huy hiệu 30 năm tuổi Đảng,2026-03-26,Sinh nhật Bác Hồ,Đã trao,300139,2026-05-19,Dữ liệu giả lập tự động
082290398639,Huy hiệu 30 năm tuổi Đảng,2019-08-19,Kỷ niệm ngày thành lập Đảng,Đã trao,300140,2026-03-02,Dữ liệu giả lập tự động
090932119563,Huy hiệu 30 năm tuổi Đảng,2022-02-03,Kỷ niệm ngày thành lập Đảng,Đã trao,300141,2026-03-02,Dữ liệu giả lập tự động
020354773803,Huy hiệu 30 năm tuổi Đảng,2021-03-26,Kỷ niệm ngày thành lập Đảng,Đã trao,300142,2026-03-02,Dữ liệu giả lập tự động
020949776812,Huy hiệu 65 năm tuổi Đảng,2023-05-19,Kỷ niệm ngày thành lập Đảng,Đã trao,C00006,2026-03-02,Dữ liệu giả lập tự động
020021276285,Huy hiệu 50 năm tuổi Đảng,2025-05-19,Kỷ niệm ngày thành lập Đảng,Đã trao,000049,2026-03-02,Dữ liệu giả lập tự động
027223381739,Huy hiệu 30 năm tuổi Đảng,2018-09-02,Kỷ niệm ngày thành lập Đảng,Đã trao,300143,2026-03-02,Dữ liệu giả lập tự động
033549989570,Huy hiệu 30 năm tuổi Đảng,2019-05-19,Kỷ niệm ngày thành lập Đảng,Đã trao,300144,2026-03-02,Dữ liệu giả lập tự động
055906349223,Huy hiệu 40 năm tuổi Đảng,2023-09-02,Kỷ niệm ngày thành lập Đảng,Đã trao,400053,2026-03-02,Dữ liệu giả lập tự động
085549930699,Huy hiệu 40 năm tuổi Đảng,2026-02-03,Kỷ niệm ngày thành lập Đảng,Đã trao,400054,2026-03-02,Dữ liệu giả lập tự động
099742322248,Huy hiệu 45 năm tuổi Đảng,2022-02-03,Kỷ niệm ngày thành lập Đảng,Đã trao,450056,2026-03-02,Dữ liệu giả lập tự động
032642872123,Huy hiệu 30 năm tuổi Đảng,2024-08-19,Kỷ niệm ngày thành lập Đảng,Đã trao,300145,2026-03-02,Dữ liệu giả lập tự động
073949190298,Huy hiệu 55 năm tuổi Đảng,2022-05-19,Kỷ niệm ngày thành lập Đảng,Đã trao,D000042,2026-03-02,Dữ liệu giả lập tự động
093548967430,Huy hiệu 65 năm tuổi Đảng,2024-02-03,Kỷ niệm ngày thành lập Đảng,Đã trao,C00007,2026-03-02,Dữ liệu giả lập tự động
026016442901,Huy hiệu 50 năm tuổi Đảng,2022-03-26,Kỷ niệm ngày thành lập Đảng,Đã trao,000050,2026-03-02,Dữ liệu giả lập tự động
072582214808,Huy hiệu 45 năm tuổi Đảng,2025-02-03,Kỷ niệm ngày thành lập Đảng,Đã trao,450057,2026-03-02,Dữ liệu giả lập tự động
059794616899,Huy hiệu 30 năm tuổi Đảng,2017-09-02,Kỷ niệm ngày thành lập Đảng,Đã trao,300146,2026-03-02,Dữ liệu giả lập tự động
035600794858,Huy hiệu 30 năm tuổi Đảng,2026-05-19,Sinh nhật Bác Hồ,Đã trao,300147,2026-05-19,Dữ liệu giả lập tự động
094643546371,Huy hiệu 40 năm tuổi Đảng,2022-08-19,Kỷ niệm ngày thành lập Đảng,Đã trao,400055,2026-03-02,Dữ liệu giả lập tự động
029254723861,Huy hiệu 55 năm tuổi Đảng,2021-03-26,Kỷ niệm ngày thành lập Đảng,Đã trao,D000043,2026-03-02,Dữ liệu giả lập tự động
003527199077,Huy hiệu 55 năm tuổi Đảng,2023-09-02,Kỷ niệm ngày thành lập Đảng,Đã trao,D000044,2026-03-02,Dữ liệu giả lập tự động
071687138744,Huy hiệu 45 năm tuổi Đảng,2021-05-19,Kỷ niệm ngày thành lập Đảng,Đã trao,450058,2026-03-02,Dữ liệu giả lập tự động
044882852223,Huy hiệu 30 năm tuổi Đảng,2017-05-19,Kỷ niệm ngày thành lập Đảng,Đã trao,300148,2026-03-02,Dữ liệu giả lập tự động
053045364110,Huy hiệu 50 năm tuổi Đảng,2026-02-03,Kỷ niệm ngày thành lập Đảng,Đã trao,000051,2026-03-02,Dữ liệu giả lập tự động
069800607664,Huy hiệu 45 năm tuổi Đảng,2025-08-19,Kỷ niệm ngày thành lập Đảng,Đã trao,450059,2026-03-02,Dữ liệu giả lập tự động
088879615049,Huy hiệu 45 năm tuổi Đảng,2025-09-02,Kỷ niệm ngày thành lập Đảng,Đã trao,450060,2026-03-02,Dữ liệu giả lập tự động
047553238183,Huy hiệu 55 năm tuổi Đảng,2024-02-03,Kỷ niệm ngày thành lập Đảng,Đã trao,D000045,2026-03-02,Dữ liệu giả lập tự động
092938699716,Huy hiệu 40 năm tuổi Đảng,2024-05-19,Kỷ niệm ngày thành lập Đảng,Đã trao,400056,2026-03-02,Dữ liệu giả lập tự động
054533839467,Huy hiệu 55 năm tuổi Đảng,2024-02-03,Kỷ niệm ngày thành lập Đảng,Đã trao,D000046,2026-03-02,Dữ liệu giả lập tự động
046664917498,Huy hiệu 55 năm tuổi Đảng,2022-02-03,Kỷ niệm ngày thành lập Đảng,Đã trao,D000047,2026-03-02,Dữ liệu giả lập tự động
021434877530,Huy hiệu 30 năm tuổi Đảng,2026-05-19,Sinh nhật Bác Hồ,Đã trao,300149,2026-05-19,Dữ liệu giả lập tự động
026483056400,Huy hiệu 30 năm tuổi Đảng,2019-05-19,Kỷ niệm ngày thành lập Đảng,Đã trao,300150,2026-03-02,Dữ liệu giả lập tự động
029092876890,Huy hiệu 60 năm tuổi Đảng,2023-02-03,Kỷ niệm ngày thành lập Đảng,Đã trao,00009,2026-03-02,Dữ liệu giả lập tự động
073029542152,Huy hiệu 50 năm tuổi Đảng,2025-08-19,Kỷ niệm ngày thành lập Đảng,Đã trao,000052,2026-03-02,Dữ liệu giả lập tự động
039294249545,Huy hiệu 40 năm tuổi Đảng,2021-05-19,Kỷ niệm ngày thành lập Đảng,Đã trao,400057,2026-03-02,Dữ liệu giả lập tự động
084884144346,Huy hiệu 40 năm tuổi Đảng,2024-08-19,Kỷ niệm ngày thành lập Đảng,Đã trao,400058,2026-03-02,Dữ liệu giả lập tự động
098876202176,Huy hiệu 70 năm tuổi Đảng,2022-02-03,Kỷ niệm ngày thành lập Đảng,Đã trao,0002,2026-03-02,Dữ liệu giả lập tự động
002820732484,Huy hiệu 40 năm tuổi Đảng,2023-02-03,Kỷ niệm ngày thành lập Đảng,Đã trao,400059,2026-03-02,Dữ liệu giả lập tự động
045657365653,Huy hiệu 50 năm tuổi Đảng,2023-09-02,Kỷ niệm ngày thành lập Đảng,Đã trao,000053,2026-03-02,Dữ liệu giả lập tự động
010615597858,Huy hiệu 55 năm tuổi Đảng,2022-09-02,Kỷ niệm ngày thành lập Đảng,Đã trao,D000048,2026-03-02,Dữ liệu giả lập tự động
030850222485,Huy hiệu 40 năm tuổi Đảng,2021-09-02,Kỷ niệm ngày thành lập Đảng,Đã trao,400060,2026-03-02,Dữ liệu giả lập tự động
027264041634,Huy hiệu 30 năm tuổi Đảng,2025-09-02,Kỷ niệm ngày thành lập Đảng,Đã trao,300151,2026-03-02,Dữ liệu giả lập tự động
047422395748,Huy hiệu 55 năm tuổi Đảng,2023-02-03,Kỷ niệm ngày thành lập Đảng,Đã trao,D000049,2026-03-02,Dữ liệu giả lập tự động
094619774984,Huy hiệu 30 năm tuổi Đảng,2024-09-02,Kỷ niệm ngày thành lập Đảng,Đã trao,300152,2026-03-02,Dữ liệu giả lập tự động
088264684627,Huy hiệu 55 năm tuổi Đảng,2021-05-19,Kỷ niệm ngày thành lập Đảng,Đã trao,D000050,2026-03-02,Dữ liệu giả lập tự động
058553217419,Huy hiệu 30 năm tuổi Đảng,2021-05-19,Kỷ niệm ngày thành lập Đảng,Đã trao,300153,2026-03-02,Dữ liệu giả lập tự động
030398001984,Huy hiệu 50 năm tuổi Đảng,2022-09-02,Kỷ niệm ngày thành lập Đảng,Đã trao,000054,2026-03-02,Dữ liệu giả lập tự động
027243206897,Huy hiệu 40 năm tuổi Đảng,2021-09-02,Kỷ niệm ngày thành lập Đảng,Đã trao,400061,2026-03-02,Dữ liệu giả lập tự động
009314064848,Huy hiệu 30 năm tuổi Đảng,2017-08-19,Kỷ niệm ngày thành lập Đảng,Đã trao,300154,2026-03-02,Dữ liệu giả lập tự động
075512851732,Huy hiệu 40 năm tuổi Đảng,2025-08-19,Kỷ niệm ngày thành lập Đảng,Đã trao,400062,2026-03-02,Dữ liệu giả lập tự động
076723649129,Huy hiệu 30 năm tuổi Đảng,2022-08-19,Kỷ niệm ngày thành lập Đảng,Đã trao,300155,2026-03-02,Dữ liệu giả lập tự động
018179666072,Huy hiệu 55 năm tuổi Đảng,2025-05-19,Kỷ niệm ngày thành lập Đảng,Đã trao,D000051,2026-03-02,Dữ liệu giả lập tự động
084029339905,Huy hiệu 55 năm tuổi Đảng,2025-03-26,Kỷ niệm ngày thành lập Đảng,Đã trao,D000052,2026-03-02,Dữ liệu giả lập tự động
093380953281,Huy hiệu 30 năm tuổi Đảng,2023-03-26,Kỷ niệm ngày thành lập Đảng,Đã trao,300156,2026-03-02,Dữ liệu giả lập tự động
043788271407,Huy hiệu 55 năm tuổi Đảng,2022-02-03,Kỷ niệm ngày thành lập Đảng,Đã trao,D000053,2026-03-02,Dữ liệu giả lập tự động
003025864027,Huy hiệu 40 năm tuổi Đảng,2025-02-03,Kỷ niệm ngày thành lập Đảng,Đã trao,400063,2026-03-02,Dữ liệu giả lập tự động
014203936610,Huy hiệu 50 năm tuổi Đảng,2023-09-02,Kỷ niệm ngày thành lập Đảng,Đã trao,000055,2026-03-02,Dữ liệu giả lập tự động
081471336673,Huy hiệu 40 năm tuổi Đảng,2024-09-02,Kỷ niệm ngày thành lập Đảng,Đã trao,400064,2026-03-02,Dữ liệu giả lập tự động
099316530956,Huy hiệu 45 năm tuổi Đảng,2022-09-02,Kỷ niệm ngày thành lập Đảng,Đã trao,450061,2026-03-02,Dữ liệu giả lập tự động
007452814694,Huy hiệu 30 năm tuổi Đảng,2023-05-19,Kỷ niệm ngày thành lập Đảng,Đã trao,300157,2026-03-02,Dữ liệu giả lập tự động
087684661998,Huy hiệu 50 năm tuổi Đảng,2023-03-26,Kỷ niệm ngày thành lập Đảng,Đã trao,000056,2026-03-02,Dữ liệu giả lập tự động
083578160866,Huy hiệu 30 năm tuổi Đảng,2019-02-03,Kỷ niệm ngày thành lập Đảng,Đã trao,300158,2026-03-02,Dữ liệu giả lập tự động
037656155653,Huy hiệu 30 năm tuổi Đảng,2019-09-02,Kỷ niệm ngày thành lập Đảng,Đã trao,300159,2026-03-02,Dữ liệu giả lập tự động
052612698757,Huy hiệu 30 năm tuổi Đảng,2023-02-03,Kỷ niệm ngày thành lập Đảng,Đã trao,300160,2026-03-02,Dữ liệu giả lập tự động
003721109649,Huy hiệu 55 năm tuổi Đảng,2024-03-26,Kỷ niệm ngày thành lập Đảng,Đã trao,D000054,2026-03-02,Dữ liệu giả lập tự động
068659794722,Huy hiệu 50 năm tuổi Đảng,2025-02-03,Kỷ niệm ngày thành lập Đảng,Đã trao,000057,2026-03-02,Dữ liệu giả lập tự động
002456549568,Huy hiệu 30 năm tuổi Đảng,2019-03-26,Kỷ niệm ngày thành lập Đảng,Đã trao,300161,2026-03-02,Dữ liệu giả lập tự động
090238262845,Huy hiệu 30 năm tuổi Đảng,2017-08-19,Kỷ niệm ngày thành lập Đảng,Đã trao,300162,2026-03-02,Dữ liệu giả lập tự động
064580262095,Huy hiệu 50 năm tuổi Đảng,2023-09-02,Kỷ niệm ngày thành lập Đảng,Đã trao,000058,2026-03-02,Dữ liệu giả lập tự động
035508687142,Huy hiệu 30 năm tuổi Đảng,2025-08-19,Kỷ niệm ngày thành lập Đảng,Đã trao,300163,2026-03-02,Dữ liệu giả lập tự động
038688185834,Huy hiệu 40 năm tuổi Đảng,2025-03-26,Kỷ niệm ngày thành lập Đảng,Đã trao,400065,2026-03-02,Dữ liệu giả lập tự động
002807540477,Huy hiệu 30 năm tuổi Đảng,2022-03-26,Kỷ niệm ngày thành lập Đảng,Đã trao,300164,2026-03-02,Dữ liệu giả lập tự động
067897501322,Huy hiệu 30 năm tuổi Đảng,2019-03-26,Kỷ niệm ngày thành lập Đảng,Đã trao,300165,2026-03-02,Dữ liệu giả lập tự động
018140468472,Huy hiệu 40 năm tuổi Đảng,2024-02-03,Kỷ niệm ngày thành lập Đảng,Đã trao,400066,2026-03-02,Dữ liệu giả lập tự động
048801070635,Huy hiệu 30 năm tuổi Đảng,2023-03-26,Kỷ niệm ngày thành lập Đảng,Đã trao,300166,2026-03-02,Dữ liệu giả lập tự động
085685404101,Huy hiệu 30 năm tuổi Đảng,2019-08-19,Kỷ niệm ngày thành lập Đảng,Đã trao,300167,2026-03-02,Dữ liệu giả lập tự động
017699288395,Huy hiệu 30 năm tuổi Đảng,2019-03-26,Kỷ niệm ngày thành lập Đảng,Đã trao,300168,2026-03-02,Dữ liệu giả lập tự động
047164985391,Huy hiệu 50 năm tuổi Đảng,2024-08-19,Kỷ niệm ngày thành lập Đảng,Đã trao,000059,2026-03-02,Dữ liệu giả lập tự động
021586726683,Huy hiệu 40 năm tuổi Đảng,2023-05-19,Kỷ niệm ngày thành lập Đảng,Đã trao,400067,2026-03-02,Dữ liệu giả lập tự động
063713798271,Huy hiệu 30 năm tuổi Đảng,2020-08-19,Kỷ niệm ngày thành lập Đảng,Đã trao,300169,2026-03-02,Dữ liệu giả lập tự động
038560727737,Huy hiệu 45 năm tuổi Đảng,2021-05-19,Kỷ niệm ngày thành lập Đảng,Đã trao,450062,2026-03-02,Dữ liệu giả lập tự động
091060268298,Huy hiệu 55 năm tuổi Đảng,2022-05-19,Kỷ niệm ngày thành lập Đảng,Đã trao,D000055,2026-03-02,Dữ liệu giả lập tự động
003826135537,Huy hiệu 30 năm tuổi Đảng,2021-08-19,Kỷ niệm ngày thành lập Đảng,Đã trao,300170,2026-03-02,Dữ liệu giả lập tự động
044399973536,Huy hiệu 30 năm tuổi Đảng,2025-08-19,Kỷ niệm ngày thành lập Đảng,Đã trao,300171,2026-03-02,Dữ liệu giả lập tự động
090879360769,Huy hiệu 30 năm tuổi Đảng,2019-08-19,Kỷ niệm ngày thành lập Đảng,Đã trao,300172,2026-03-02,Dữ liệu giả lập tự động
061307238201,Huy hiệu 30 năm tuổi Đảng,2025-08-19,Quốc khánh,Đã trao,300173,2026-09-02,Dữ liệu giả lập tự động
083580512890,Huy hiệu 30 năm tuổi Đảng,2020-03-26,Kỷ niệm ngày thành lập Đảng,Đã trao,300174,2026-03-02,Dữ liệu giả lập tự động
097120235157,Huy hiệu 50 năm tuổi Đảng,2025-03-26,Kỷ niệm ngày thành lập Đảng,Đã trao,000060,2026-03-02,Dữ liệu giả lập tự động
068208813394,Huy hiệu 50 năm tuổi Đảng,2023-08-19,Kỷ niệm ngày thành lập Đảng,Đã trao,000061,2026-03-02,Dữ liệu giả lập tự động
026496685326,Huy hiệu 55 năm tuổi Đảng,2025-08-19,Kỷ niệm ngày thành lập Đảng,Đã trao,D000056,2026-03-02,Dữ liệu giả lập tự động
095706821025,Huy hiệu 55 năm tuổi Đảng,2023-05-19,Kỷ niệm ngày thành lập Đảng,Đã trao,D000057,2026-03-02,Dữ liệu giả lập tự động
028142440023,Huy hiệu 45 năm tuổi Đảng,2022-02-03,Kỷ niệm ngày thành lập Đảng,Đã trao,450063,2026-03-02,Dữ liệu giả lập tự động
017574506182,Huy hiệu 45 năm tuổi Đảng,2023-08-19,Kỷ niệm ngày thành lập Đảng,Đã trao,450064,2026-03-02,Dữ liệu giả lập tự động
009527107275,Huy hiệu 40 năm tuổi Đảng,2022-09-02,Kỷ niệm ngày thành lập Đảng,Đã trao,400068,2026-03-02,Dữ liệu giả lập tự động
070166102321,Huy hiệu 40 năm tuổi Đảng,2025-09-02,Kỷ niệm ngày thành lập Đảng,Đã trao,400069,2026-03-02,Dữ liệu giả lập tự động
043656662520,Huy hiệu 55 năm tuổi Đảng,2022-08-19,Kỷ niệm ngày thành lập Đảng,Đã trao,D000058,2026-03-02,Dữ liệu giả lập tự động
094960740925,Huy hiệu 30 năm tuổi Đảng,2021-09-02,Kỷ niệm ngày thành lập Đảng,Đã trao,300175,2026-03-02,Dữ liệu giả lập tự động
034082359563,Huy hiệu 30 năm tuổi Đảng,2025-02-03,Kỷ niệm ngày thành lập Đảng,Đã trao,300176,2026-03-02,Dữ liệu giả lập tự động
074727817406,Huy hiệu 30 năm tuổi Đảng,2016-08-19,Kỷ niệm ngày thành lập Đảng,Đã trao,300177,2026-03-02,Dữ liệu giả lập tự động
